CREATE DATABASE  IF NOT EXISTS `vio_vini` /*!40100 DEFAULT CHARACTER SET utf8mb4 COLLATE utf8mb4_0900_ai_ci */ /*!80016 DEFAULT ENCRYPTION='N' */;
USE `vio_vini`;
-- MySQL dump 10.13  Distrib 8.0.36, for Win64 (x86_64)
--
-- Host: localhost    Database: vio_vini
-- ------------------------------------------------------
-- Server version	8.0.36

/*!40101 SET @OLD_CHARACTER_SET_CLIENT=@@CHARACTER_SET_CLIENT */;
/*!40101 SET @OLD_CHARACTER_SET_RESULTS=@@CHARACTER_SET_RESULTS */;
/*!40101 SET @OLD_COLLATION_CONNECTION=@@COLLATION_CONNECTION */;
/*!50503 SET NAMES utf8 */;
/*!40103 SET @OLD_TIME_ZONE=@@TIME_ZONE */;
/*!40103 SET TIME_ZONE='+00:00' */;
/*!40014 SET @OLD_UNIQUE_CHECKS=@@UNIQUE_CHECKS, UNIQUE_CHECKS=0 */;
/*!40014 SET @OLD_FOREIGN_KEY_CHECKS=@@FOREIGN_KEY_CHECKS, FOREIGN_KEY_CHECKS=0 */;
/*!40101 SET @OLD_SQL_MODE=@@SQL_MODE, SQL_MODE='NO_AUTO_VALUE_ON_ZERO' */;
/*!40111 SET @OLD_SQL_NOTES=@@SQL_NOTES, SQL_NOTES=0 */;

--
-- Table structure for table `compra`
--

DROP TABLE IF EXISTS `compra`;
/*!40101 SET @saved_cs_client     = @@character_set_client */;
/*!50503 SET character_set_client = utf8mb4 */;
CREATE TABLE `compra` (
  `id_compra` int NOT NULL AUTO_INCREMENT,
  `data_compra` datetime NOT NULL,
  `fk_id_usuario` int NOT NULL,
  PRIMARY KEY (`id_compra`),
  KEY `fk_id_usuario` (`fk_id_usuario`),
  CONSTRAINT `compra_ibfk_1` FOREIGN KEY (`fk_id_usuario`) REFERENCES `usuario` (`id_usuario`)
) ENGINE=InnoDB AUTO_INCREMENT=5 DEFAULT CHARSET=utf8mb4 COLLATE=utf8mb4_0900_ai_ci;
/*!40101 SET character_set_client = @saved_cs_client */;

--
-- Dumping data for table `compra`
--

LOCK TABLES `compra` WRITE;
/*!40000 ALTER TABLE `compra` DISABLE KEYS */;
INSERT INTO `compra` VALUES (1,'2025-12-30 23:00:00',1),(2,'2025-12-30 23:00:00',1),(3,'2025-12-30 23:00:00',2),(4,'2025-12-30 23:00:00',2);
/*!40000 ALTER TABLE `compra` ENABLE KEYS */;
UNLOCK TABLES;

--
-- Table structure for table `evento`
--

DROP TABLE IF EXISTS `evento`;
/*!40101 SET @saved_cs_client     = @@character_set_client */;
/*!50503 SET character_set_client = utf8mb4 */;
CREATE TABLE `evento` (
  `id_evento` int NOT NULL AUTO_INCREMENT,
  `nome` varchar(100) NOT NULL,
  `descricao` varchar(255) NOT NULL,
  `data_hora` datetime NOT NULL,
  `local` varchar(255) NOT NULL,
  `fk_id_organizador` int NOT NULL,
  PRIMARY KEY (`id_evento`),
  KEY `fk_id_organizador` (`fk_id_organizador`),
  CONSTRAINT `evento_ibfk_1` FOREIGN KEY (`fk_id_organizador`) REFERENCES `organizador` (`id_organizador`)
) ENGINE=InnoDB AUTO_INCREMENT=5 DEFAULT CHARSET=utf8mb4 COLLATE=utf8mb4_0900_ai_ci;
/*!40101 SET character_set_client = @saved_cs_client */;

--
-- Dumping data for table `evento`
--

LOCK TABLES `evento` WRITE;
/*!40000 ALTER TABLE `evento` DISABLE KEYS */;
INSERT INTO `evento` VALUES (1,'Festival de Verão','Evento de Verão','2024-12-31 07:00:00','Praia Central',1),(2,'Congresso de Tecnologia','Evento de Tecnologia','2024-12-31 07:00:00','Centro de Convenções',2),(3,'Show Internacional','Evento Internacional','2024-12-31 07:00:00','Arena Principal',3),(4,'Feira Cultural de Inverno','Evento cultural com música e gastronomia','2025-07-20 18:00:00','Parque Municipal',1);
/*!40000 ALTER TABLE `evento` ENABLE KEYS */;
UNLOCK TABLES;

--
-- Table structure for table `ingresso`
--

DROP TABLE IF EXISTS `ingresso`;
/*!40101 SET @saved_cs_client     = @@character_set_client */;
/*!50503 SET character_set_client = utf8mb4 */;
CREATE TABLE `ingresso` (
  `id_ingresso` int NOT NULL AUTO_INCREMENT,
  `preco` decimal(5,2) NOT NULL,
  `tipo` varchar(10) NOT NULL,
  `fk_id_evento` int NOT NULL,
  PRIMARY KEY (`id_ingresso`),
  KEY `fk_id_evento` (`fk_id_evento`),
  CONSTRAINT `ingresso_ibfk_1` FOREIGN KEY (`fk_id_evento`) REFERENCES `evento` (`id_evento`)
) ENGINE=InnoDB AUTO_INCREMENT=6 DEFAULT CHARSET=utf8mb4 COLLATE=utf8mb4_0900_ai_ci;
/*!40101 SET character_set_client = @saved_cs_client */;

--
-- Dumping data for table `ingresso`
--

LOCK TABLES `ingresso` WRITE;
/*!40000 ALTER TABLE `ingresso` DISABLE KEYS */;
INSERT INTO `ingresso` VALUES (1,500.00,'VIP',1),(2,150.00,'PISTA',1),(3,200.00,'PISTA',2),(4,600.00,'VIP',3),(5,250.00,'PISTA',3);
/*!40000 ALTER TABLE `ingresso` ENABLE KEYS */;
UNLOCK TABLES;

--
-- Table structure for table `ingresso_compra`
--

DROP TABLE IF EXISTS `ingresso_compra`;
/*!40101 SET @saved_cs_client     = @@character_set_client */;
/*!50503 SET character_set_client = utf8mb4 */;
CREATE TABLE `ingresso_compra` (
  `id_ingresso_compra` int NOT NULL AUTO_INCREMENT,
  `quantidade` int NOT NULL,
  `fk_id_ingresso` int NOT NULL,
  `fk_id_compra` int NOT NULL,
  PRIMARY KEY (`id_ingresso_compra`),
  KEY `fk_id_ingresso` (`fk_id_ingresso`),
  KEY `fk_id_compra` (`fk_id_compra`),
  CONSTRAINT `ingresso_compra_ibfk_1` FOREIGN KEY (`fk_id_ingresso`) REFERENCES `ingresso` (`id_ingresso`),
  CONSTRAINT `ingresso_compra_ibfk_2` FOREIGN KEY (`fk_id_compra`) REFERENCES `compra` (`id_compra`)
) ENGINE=InnoDB AUTO_INCREMENT=5 DEFAULT CHARSET=utf8mb4 COLLATE=utf8mb4_0900_ai_ci;
/*!40101 SET character_set_client = @saved_cs_client */;

--
-- Dumping data for table `ingresso_compra`
--

LOCK TABLES `ingresso_compra` WRITE;
/*!40000 ALTER TABLE `ingresso_compra` DISABLE KEYS */;
INSERT INTO `ingresso_compra` VALUES (1,5,4,1),(2,2,5,1),(3,1,1,2),(4,2,2,2);
/*!40000 ALTER TABLE `ingresso_compra` ENABLE KEYS */;
UNLOCK TABLES;
/*!50003 SET @saved_cs_client      = @@character_set_client */ ;
/*!50003 SET @saved_cs_results     = @@character_set_results */ ;
/*!50003 SET @saved_col_connection = @@collation_connection */ ;
/*!50003 SET character_set_client  = utf8mb4 */ ;
/*!50003 SET character_set_results = utf8mb4 */ ;
/*!50003 SET collation_connection  = utf8mb4_0900_ai_ci */ ;
/*!50003 SET @saved_sql_mode       = @@sql_mode */ ;
/*!50003 SET sql_mode              = 'ONLY_FULL_GROUP_BY,STRICT_TRANS_TABLES,NO_ZERO_IN_DATE,NO_ZERO_DATE,ERROR_FOR_DIVISION_BY_ZERO,NO_ENGINE_SUBSTITUTION' */ ;
DELIMITER ;;
/*!50003 CREATE*/ /*!50017 DEFINER=`alunods`@`%`*/ /*!50003 TRIGGER `verifica_data_evento` BEFORE INSERT ON `ingresso_compra` FOR EACH ROW BEGIN
    DECLARE data_evento DATETIME;
    SELECT e.data_hora INTO data_evento
    FROM ingresso i JOIN evento e ON i.fk_id_evento = e.id_evento
    WHERE i.id_ingresso = new.fk_id_ingresso;

    IF DATE(data_evento) < CURDATE() THEN
        SIGNAL SQLSTATE '45000'
        SET message_text = 'Não é possível comprar ingressos para eventos passados';
    END IF;
END */;;
DELIMITER ;
/*!50003 SET sql_mode              = @saved_sql_mode */ ;
/*!50003 SET character_set_client  = @saved_cs_client */ ;
/*!50003 SET character_set_results = @saved_cs_results */ ;
/*!50003 SET collation_connection  = @saved_col_connection */ ;

--
-- Table structure for table `log_evento`
--

DROP TABLE IF EXISTS `log_evento`;
/*!40101 SET @saved_cs_client     = @@character_set_client */;
/*!50503 SET character_set_client = utf8mb4 */;
CREATE TABLE `log_evento` (
  `id_log` int NOT NULL AUTO_INCREMENT,
  `mensage` varchar(255) DEFAULT NULL,
  `data_log` datetime DEFAULT CURRENT_TIMESTAMP,
  PRIMARY KEY (`id_log`)
) ENGINE=InnoDB DEFAULT CHARSET=utf8mb4 COLLATE=utf8mb4_0900_ai_ci;
/*!40101 SET character_set_client = @saved_cs_client */;

--
-- Dumping data for table `log_evento`
--

LOCK TABLES `log_evento` WRITE;
/*!40000 ALTER TABLE `log_evento` DISABLE KEYS */;
/*!40000 ALTER TABLE `log_evento` ENABLE KEYS */;
UNLOCK TABLES;

--
-- Table structure for table `organizador`
--

DROP TABLE IF EXISTS `organizador`;
/*!40101 SET @saved_cs_client     = @@character_set_client */;
/*!50503 SET character_set_client = utf8mb4 */;
CREATE TABLE `organizador` (
  `id_organizador` int NOT NULL AUTO_INCREMENT,
  `nome` varchar(100) NOT NULL,
  `email` varchar(100) NOT NULL,
  `senha` varchar(50) NOT NULL,
  `telefone` char(11) NOT NULL,
  PRIMARY KEY (`id_organizador`),
  UNIQUE KEY `email` (`email`)
) ENGINE=InnoDB AUTO_INCREMENT=6 DEFAULT CHARSET=utf8mb4 COLLATE=utf8mb4_0900_ai_ci;
/*!40101 SET character_set_client = @saved_cs_client */;

--
-- Dumping data for table `organizador`
--

LOCK TABLES `organizador` WRITE;
/*!40000 ALTER TABLE `organizador` DISABLE KEYS */;
INSERT INTO `organizador` VALUES (1,'Organização ABC','contato@abc.com','senha123','11111222333'),(2,'Eventos XYZ','info@xyz.com','senha123','11222333444'),(3,'Festivais BR','contato@festbr.com','senha123','11333444555'),(4,'Eventos GL','support@gl.com','senha123','11444555666'),(5,'Eventos JQ','contact@jq.com','senha123','11555666777');
/*!40000 ALTER TABLE `organizador` ENABLE KEYS */;
UNLOCK TABLES;

--
-- Table structure for table `presenca`
--

DROP TABLE IF EXISTS `presenca`;
/*!40101 SET @saved_cs_client     = @@character_set_client */;
/*!50503 SET character_set_client = utf8mb4 */;
CREATE TABLE `presenca` (
  `id_presenca` int NOT NULL AUTO_INCREMENT,
  `data_hora_checkin` datetime DEFAULT NULL,
  `fk_id_evento` int NOT NULL,
  `fk_id_compra` int NOT NULL,
  PRIMARY KEY (`id_presenca`),
  KEY `fk_id_evento` (`fk_id_evento`),
  KEY `fk_id_compra` (`fk_id_compra`),
  CONSTRAINT `presenca_ibfk_1` FOREIGN KEY (`fk_id_evento`) REFERENCES `evento` (`id_evento`),
  CONSTRAINT `presenca_ibfk_2` FOREIGN KEY (`fk_id_compra`) REFERENCES `compra` (`id_compra`)
) ENGINE=InnoDB DEFAULT CHARSET=utf8mb4 COLLATE=utf8mb4_0900_ai_ci;
/*!40101 SET character_set_client = @saved_cs_client */;

--
-- Dumping data for table `presenca`
--

LOCK TABLES `presenca` WRITE;
/*!40000 ALTER TABLE `presenca` DISABLE KEYS */;
/*!40000 ALTER TABLE `presenca` ENABLE KEYS */;
UNLOCK TABLES;

--
-- Table structure for table `usuario`
--

DROP TABLE IF EXISTS `usuario`;
/*!40101 SET @saved_cs_client     = @@character_set_client */;
/*!50503 SET character_set_client = utf8mb4 */;
CREATE TABLE `usuario` (
  `id_usuario` int NOT NULL AUTO_INCREMENT,
  `name` varchar(100) NOT NULL,
  `email` varchar(100) NOT NULL,
  `password` varchar(50) NOT NULL,
  `cpf` char(11) NOT NULL,
  `data_nascimento` date NOT NULL,
  PRIMARY KEY (`id_usuario`),
  UNIQUE KEY `email` (`email`),
  UNIQUE KEY `cpf` (`cpf`)
) ENGINE=InnoDB AUTO_INCREMENT=21 DEFAULT CHARSET=utf8mb4 COLLATE=utf8mb4_0900_ai_ci;
/*!40101 SET character_set_client = @saved_cs_client */;

--
-- Dumping data for table `usuario`
--

LOCK TABLES `usuario` WRITE;
/*!40000 ALTER TABLE `usuario` DISABLE KEYS */;
INSERT INTO `usuario` VALUES (1,'João Silva','joao.silva@example.com','senha123','16123456789','1990-01-15'),(2,'Maria Oliveira','maria.oliveira@example.com','senha123','16987654321','1985-06-23'),(3,'Carlos Pereira','carlos.pereira@example.com','senha123','16123987456','1992-11-30'),(4,'Ana Souza','ana.souza@example.com','senha123','16456123789','1987-04-18'),(5,'Pedro Costa','pedro.costa@example.com','senha123','16789123456','1995-08-22'),(6,'Laura Lima','laura.lima@example.com','senha123','16321654987','1998-09-09'),(7,'Lucas Alves','lucas.alves@example.com','senha123','16654321987','1993-12-01'),(8,'Fernanda Rocha','fernanda.rocha@example.com','senha123','16741852963','1991-07-07'),(9,'Rafael Martins','rafael.martins@example.com','senha123','16369258147','1994-03-27'),(10,'Juliana Nunes','juliana.nunes@example.com','senha123','16258147369','1986-05-15'),(11,'Paulo Araujo','paulo.araujo@example.com','senha123','16159753486','1997-10-12'),(12,'Beatriz Melo','beatriz.melo@example.com','senha123','16486159753','1990-02-28'),(13,'Renato Dias','renato.dias@example.com','senha123','16753486159','1996-11-11'),(14,'Camila Ribeiro','camila.ribeiro@example.com','senha123','16963852741','1989-08-03'),(15,'Thiago Teixeira','thiago.teixeira@example.com','senha123','16852741963','1992-12-24'),(16,'Patrícia Fernandes','patricia.fernandes@example.com','senha123','16741963852','1991-01-10'),(17,'Rodrigo Gomes','rodrigo.gomes@example.com','senha123','16963741852','1987-06-30'),(18,'Mariana Batista','mariana.batista@example.com','senha123','16147258369','1998-09-22'),(19,'Fábio Freitas','fabio.freitas@example.com','senha123','16369147258','1994-04-16'),(20,'Isabela Cardoso','isabela.cardoso@example.com','senha123','16258369147','1985-11-08');
/*!40000 ALTER TABLE `usuario` ENABLE KEYS */;
UNLOCK TABLES;

--
-- Dumping events for database 'vio_vini'
--

--
-- Dumping routines for database 'vio_vini'
--
/*!50003 DROP FUNCTION IF EXISTS `buscar_faixa_etaria_usuario` */;
/*!50003 SET @saved_cs_client      = @@character_set_client */ ;
/*!50003 SET @saved_cs_results     = @@character_set_results */ ;
/*!50003 SET @saved_col_connection = @@collation_connection */ ;
/*!50003 SET character_set_client  = utf8mb4 */ ;
/*!50003 SET character_set_results = utf8mb4 */ ;
/*!50003 SET collation_connection  = utf8mb4_0900_ai_ci */ ;
/*!50003 SET @saved_sql_mode       = @@sql_mode */ ;
/*!50003 SET sql_mode              = 'ONLY_FULL_GROUP_BY,STRICT_TRANS_TABLES,NO_ZERO_IN_DATE,NO_ZERO_DATE,ERROR_FOR_DIVISION_BY_ZERO,NO_ENGINE_SUBSTITUTION' */ ;
DELIMITER ;;
CREATE DEFINER=`alunods`@`%` FUNCTION `buscar_faixa_etaria_usuario`(pid INT) RETURNS varchar(30) CHARSET utf8mb4
    READS SQL DATA
BEGIN
    DECLARE faixa VARCHAR(50);
    DECLARE nascimento DATE;
    SELECT data_nascimento INTO nascimento
    FROM usuario
    WHERE id_usuario = pid;
    SET faixa = faixa_etaria(nascimento);
    IF faixa IS NULL THEN
        SET faixa = 'Faixa etária não encontrada';
    END IF;
    RETURN faixa;
END ;;
DELIMITER ;
/*!50003 SET sql_mode              = @saved_sql_mode */ ;
/*!50003 SET character_set_client  = @saved_cs_client */ ;
/*!50003 SET character_set_results = @saved_cs_results */ ;
/*!50003 SET collation_connection  = @saved_col_connection */ ;
/*!50003 DROP FUNCTION IF EXISTS `calcula_idade` */;
/*!50003 SET @saved_cs_client      = @@character_set_client */ ;
/*!50003 SET @saved_cs_results     = @@character_set_results */ ;
/*!50003 SET @saved_col_connection = @@collation_connection */ ;
/*!50003 SET character_set_client  = utf8mb4 */ ;
/*!50003 SET character_set_results = utf8mb4 */ ;
/*!50003 SET collation_connection  = utf8mb4_0900_ai_ci */ ;
/*!50003 SET @saved_sql_mode       = @@sql_mode */ ;
/*!50003 SET sql_mode              = 'ONLY_FULL_GROUP_BY,STRICT_TRANS_TABLES,NO_ZERO_IN_DATE,NO_ZERO_DATE,ERROR_FOR_DIVISION_BY_ZERO,NO_ENGINE_SUBSTITUTION' */ ;
DELIMITER ;;
CREATE DEFINER=`alunods`@`%` FUNCTION `calcula_idade`(datanascimento DATE) RETURNS int
    DETERMINISTIC
BEGIN
    DECLARE idade INT;
    SET idade = timestampdiff(year, datanascimento, CURDATE());
    RETURN idade;
END ;;
DELIMITER ;
/*!50003 SET sql_mode              = @saved_sql_mode */ ;
/*!50003 SET character_set_client  = @saved_cs_client */ ;
/*!50003 SET character_set_results = @saved_cs_results */ ;
/*!50003 SET collation_connection  = @saved_col_connection */ ;
/*!50003 DROP FUNCTION IF EXISTS `calcula_total_gasto` */;
/*!50003 SET @saved_cs_client      = @@character_set_client */ ;
/*!50003 SET @saved_cs_results     = @@character_set_results */ ;
/*!50003 SET @saved_col_connection = @@collation_connection */ ;
/*!50003 SET character_set_client  = utf8mb4 */ ;
/*!50003 SET character_set_results = utf8mb4 */ ;
/*!50003 SET collation_connection  = utf8mb4_0900_ai_ci */ ;
/*!50003 SET @saved_sql_mode       = @@sql_mode */ ;
/*!50003 SET sql_mode              = 'ONLY_FULL_GROUP_BY,STRICT_TRANS_TABLES,NO_ZERO_IN_DATE,NO_ZERO_DATE,ERROR_FOR_DIVISION_BY_ZERO,NO_ENGINE_SUBSTITUTION' */ ;
DELIMITER ;;
CREATE DEFINER=`alunods`@`%` FUNCTION `calcula_total_gasto`(pid_usuario INT) RETURNS decimal(10,2)
    READS SQL DATA
BEGIN
    DECLARE total DECIMAL(10,2);
    SELECT SUM(i.preco * ic.quantidade) INTO total
    FROM ingresso_compra ic
    JOIN compra c ON ic.fk_id_compra = c.id_compra
    JOIN ingresso i ON ic.fk_id_ingresso = i.id_ingresso
    WHERE c.fk_id_usuario = pid_usuario;
    RETURN IFNULL (total, 0);
END ;;
DELIMITER ;
/*!50003 SET sql_mode              = @saved_sql_mode */ ;
/*!50003 SET character_set_client  = @saved_cs_client */ ;
/*!50003 SET character_set_results = @saved_cs_results */ ;
/*!50003 SET collation_connection  = @saved_col_connection */ ;
/*!50003 DROP FUNCTION IF EXISTS `faixa_etaria` */;
/*!50003 SET @saved_cs_client      = @@character_set_client */ ;
/*!50003 SET @saved_cs_results     = @@character_set_results */ ;
/*!50003 SET @saved_col_connection = @@collation_connection */ ;
/*!50003 SET character_set_client  = utf8mb4 */ ;
/*!50003 SET character_set_results = utf8mb4 */ ;
/*!50003 SET collation_connection  = utf8mb4_0900_ai_ci */ ;
/*!50003 SET @saved_sql_mode       = @@sql_mode */ ;
/*!50003 SET sql_mode              = 'ONLY_FULL_GROUP_BY,STRICT_TRANS_TABLES,NO_ZERO_IN_DATE,NO_ZERO_DATE,ERROR_FOR_DIVISION_BY_ZERO,NO_ENGINE_SUBSTITUTION' */ ;
DELIMITER ;;
CREATE DEFINER=`alunods`@`%` FUNCTION `faixa_etaria`(data_nascimento DATE) RETURNS varchar(50) CHARSET utf8mb4
BEGIN
    DECLARE idade INT;
    SET idade = calcula_idade(data_nascimento);
    IF idade < 12 THEN
        RETURN 'Criança';
    ELSEIF idade >= 12 AND idade < 18 THEN
        RETURN 'Adolescente';
    ELSEIF idade >= 18 AND idade < 60 THEN
        RETURN 'Adulto';
    ELSEIF idade >= 60 AND idade < 100 THEN
        RETURN 'Idoso';
    ELSEIF idade IS NULL THEN
        RETURN 'Idade não informada';
    ELSE
        RETURN 'Idade Inválida';
    END IF;
END ;;
DELIMITER ;
/*!50003 SET sql_mode              = @saved_sql_mode */ ;
/*!50003 SET character_set_client  = @saved_cs_client */ ;
/*!50003 SET character_set_results = @saved_cs_results */ ;
/*!50003 SET collation_connection  = @saved_col_connection */ ;
/*!50003 DROP FUNCTION IF EXISTS `is_maior_idade` */;
/*!50003 SET @saved_cs_client      = @@character_set_client */ ;
/*!50003 SET @saved_cs_results     = @@character_set_results */ ;
/*!50003 SET @saved_col_connection = @@collation_connection */ ;
/*!50003 SET character_set_client  = utf8mb4 */ ;
/*!50003 SET character_set_results = utf8mb4 */ ;
/*!50003 SET collation_connection  = utf8mb4_0900_ai_ci */ ;
/*!50003 SET @saved_sql_mode       = @@sql_mode */ ;
/*!50003 SET sql_mode              = 'ONLY_FULL_GROUP_BY,STRICT_TRANS_TABLES,NO_ZERO_IN_DATE,NO_ZERO_DATE,ERROR_FOR_DIVISION_BY_ZERO,NO_ENGINE_SUBSTITUTION' */ ;
DELIMITER ;;
CREATE DEFINER=`alunods`@`%` FUNCTION `is_maior_idade`(data_nascimento DATE) RETURNS tinyint(1)
BEGIN
    DECLARE idade INT;
    SET idade = calcula_idade(data_nascimento);
    RETURN idade >= 18;
END ;;
DELIMITER ;
/*!50003 SET sql_mode              = @saved_sql_mode */ ;
/*!50003 SET character_set_client  = @saved_cs_client */ ;
/*!50003 SET character_set_results = @saved_cs_results */ ;
/*!50003 SET collation_connection  = @saved_col_connection */ ;
/*!50003 DROP FUNCTION IF EXISTS `media_idade` */;
/*!50003 SET @saved_cs_client      = @@character_set_client */ ;
/*!50003 SET @saved_cs_results     = @@character_set_results */ ;
/*!50003 SET @saved_col_connection = @@collation_connection */ ;
/*!50003 SET character_set_client  = utf8mb4 */ ;
/*!50003 SET character_set_results = utf8mb4 */ ;
/*!50003 SET collation_connection  = utf8mb4_0900_ai_ci */ ;
/*!50003 SET @saved_sql_mode       = @@sql_mode */ ;
/*!50003 SET sql_mode              = 'ONLY_FULL_GROUP_BY,STRICT_TRANS_TABLES,NO_ZERO_IN_DATE,NO_ZERO_DATE,ERROR_FOR_DIVISION_BY_ZERO,NO_ENGINE_SUBSTITUTION' */ ;
DELIMITER ;;
CREATE DEFINER=`alunods`@`%` FUNCTION `media_idade`() RETURNS decimal(5,2)
    READS SQL DATA
BEGIN
    DECLARE media DECIMAL(5,2);
    SELECT AVG(calcula_idade(data_nascimento)) INTO media
    FROM usuario;
    RETURN IFNULL(media, 0);
END ;;
DELIMITER ;
/*!50003 SET sql_mode              = @saved_sql_mode */ ;
/*!50003 SET character_set_client  = @saved_cs_client */ ;
/*!50003 SET character_set_results = @saved_cs_results */ ;
/*!50003 SET collation_connection  = @saved_col_connection */ ;
/*!50003 DROP FUNCTION IF EXISTS `mensagem_boas_vindas` */;
/*!50003 SET @saved_cs_client      = @@character_set_client */ ;
/*!50003 SET @saved_cs_results     = @@character_set_results */ ;
/*!50003 SET @saved_col_connection = @@collation_connection */ ;
/*!50003 SET character_set_client  = utf8mb4 */ ;
/*!50003 SET character_set_results = utf8mb4 */ ;
/*!50003 SET collation_connection  = utf8mb4_0900_ai_ci */ ;
/*!50003 SET @saved_sql_mode       = @@sql_mode */ ;
/*!50003 SET sql_mode              = 'ONLY_FULL_GROUP_BY,STRICT_TRANS_TABLES,NO_ZERO_IN_DATE,NO_ZERO_DATE,ERROR_FOR_DIVISION_BY_ZERO,NO_ENGINE_SUBSTITUTION' */ ;
DELIMITER ;;
CREATE DEFINER=`alunods`@`%` FUNCTION `mensagem_boas_vindas`(nome_usuario varchar(100)) RETURNS varchar(255) CHARSET utf8mb4
    DETERMINISTIC
BEGIN
    DECLARE mensagem varchar(255);
    SET mensagem = CONCAT('Bem-vindo(a), ', nome_usuario, '! ao Sistema VIO');
    RETURN mensagem;
END ;;
DELIMITER ;
/*!50003 SET sql_mode              = @saved_sql_mode */ ;
/*!50003 SET character_set_client  = @saved_cs_client */ ;
/*!50003 SET character_set_results = @saved_cs_results */ ;
/*!50003 SET collation_connection  = @saved_col_connection */ ;
/*!50003 DROP FUNCTION IF EXISTS `registrar_log_evento` */;
/*!50003 SET @saved_cs_client      = @@character_set_client */ ;
/*!50003 SET @saved_cs_results     = @@character_set_results */ ;
/*!50003 SET @saved_col_connection = @@collation_connection */ ;
/*!50003 SET character_set_client  = utf8mb4 */ ;
/*!50003 SET character_set_results = utf8mb4 */ ;
/*!50003 SET collation_connection  = utf8mb4_0900_ai_ci */ ;
/*!50003 SET @saved_sql_mode       = @@sql_mode */ ;
/*!50003 SET sql_mode              = 'ONLY_FULL_GROUP_BY,STRICT_TRANS_TABLES,NO_ZERO_IN_DATE,NO_ZERO_DATE,ERROR_FOR_DIVISION_BY_ZERO,NO_ENGINE_SUBSTITUTION' */ ;
DELIMITER ;;
CREATE DEFINER=`alunods`@`%` FUNCTION `registrar_log_evento`(texto VARCHAR(255)) RETURNS varchar(50) CHARSET utf8mb4
    MODIFIES SQL DATA
BEGIN
    INSERT INTO log_evento (mensage) 
    VALUES (texto);
    RETURN 'Log registrado com sucesso!';
END ;;
DELIMITER ;
/*!50003 SET sql_mode              = @saved_sql_mode */ ;
/*!50003 SET character_set_client  = @saved_cs_client */ ;
/*!50003 SET character_set_results = @saved_cs_results */ ;
/*!50003 SET collation_connection  = @saved_col_connection */ ;
/*!50003 DROP FUNCTION IF EXISTS `status_sistema` */;
/*!50003 SET @saved_cs_client      = @@character_set_client */ ;
/*!50003 SET @saved_cs_results     = @@character_set_results */ ;
/*!50003 SET @saved_col_connection = @@collation_connection */ ;
/*!50003 SET character_set_client  = utf8mb4 */ ;
/*!50003 SET character_set_results = utf8mb4 */ ;
/*!50003 SET collation_connection  = utf8mb4_0900_ai_ci */ ;
/*!50003 SET @saved_sql_mode       = @@sql_mode */ ;
/*!50003 SET sql_mode              = 'ONLY_FULL_GROUP_BY,STRICT_TRANS_TABLES,NO_ZERO_IN_DATE,NO_ZERO_DATE,ERROR_FOR_DIVISION_BY_ZERO,NO_ENGINE_SUBSTITUTION' */ ;
DELIMITER ;;
CREATE DEFINER=`alunods`@`%` FUNCTION `status_sistema`() RETURNS varchar(50) CHARSET utf8mb4
    NO SQL
BEGIN
   RETURN 'Sistema em funcionamento';
END ;;
DELIMITER ;
/*!50003 SET sql_mode              = @saved_sql_mode */ ;
/*!50003 SET character_set_client  = @saved_cs_client */ ;
/*!50003 SET character_set_results = @saved_cs_results */ ;
/*!50003 SET collation_connection  = @saved_col_connection */ ;
/*!50003 DROP FUNCTION IF EXISTS `total_compras_usuario` */;
/*!50003 SET @saved_cs_client      = @@character_set_client */ ;
/*!50003 SET @saved_cs_results     = @@character_set_results */ ;
/*!50003 SET @saved_col_connection = @@collation_connection */ ;
/*!50003 SET character_set_client  = utf8mb4 */ ;
/*!50003 SET character_set_results = utf8mb4 */ ;
/*!50003 SET collation_connection  = utf8mb4_0900_ai_ci */ ;
/*!50003 SET @saved_sql_mode       = @@sql_mode */ ;
/*!50003 SET sql_mode              = 'ONLY_FULL_GROUP_BY,STRICT_TRANS_TABLES,NO_ZERO_IN_DATE,NO_ZERO_DATE,ERROR_FOR_DIVISION_BY_ZERO,NO_ENGINE_SUBSTITUTION' */ ;
DELIMITER ;;
CREATE DEFINER=`alunods`@`%` FUNCTION `total_compras_usuario`(id_usuario INT) RETURNS int
    READS SQL DATA
BEGIN
    DECLARE total INT;
    SELECT COUNT(*) INTO total
    FROM compra c
    WHERE id_usuario = c.fk_id_usuario;
    RETURN total;
END ;;
DELIMITER ;
/*!50003 SET sql_mode              = @saved_sql_mode */ ;
/*!50003 SET character_set_client  = @saved_cs_client */ ;
/*!50003 SET character_set_results = @saved_cs_results */ ;
/*!50003 SET collation_connection  = @saved_col_connection */ ;
/*!50003 DROP PROCEDURE IF EXISTS `registrar_compra` */;
/*!50003 SET @saved_cs_client      = @@character_set_client */ ;
/*!50003 SET @saved_cs_results     = @@character_set_results */ ;
/*!50003 SET @saved_col_connection = @@collation_connection */ ;
/*!50003 SET character_set_client  = utf8mb4 */ ;
/*!50003 SET character_set_results = utf8mb4 */ ;
/*!50003 SET collation_connection  = utf8mb4_0900_ai_ci */ ;
/*!50003 SET @saved_sql_mode       = @@sql_mode */ ;
/*!50003 SET sql_mode              = 'ONLY_FULL_GROUP_BY,STRICT_TRANS_TABLES,NO_ZERO_IN_DATE,NO_ZERO_DATE,ERROR_FOR_DIVISION_BY_ZERO,NO_ENGINE_SUBSTITUTION' */ ;
DELIMITER ;;
CREATE DEFINER=`alunods`@`%` PROCEDURE `registrar_compra`(
    IN p_id_usuario INT,
    IN p_id_ingresso INT,
    IN p_quantidade INT
)
BEGIN
    DECLARE v_id_compra INT;
    DECLARE v_data_evento DATETIME;
    
    SELECT e.data_hora INTO v_data_evento
    FROM ingresso i
    JOIN evento e ON i.fk_id_evento = e.id_evento
    WHERE i.id_ingresso = p_id_ingresso;

    IF DATE(v_data_evento) < CURDATE() THEN
SIGNAL SQLSTATE '45000'
        SET message_text = 'ERRO PROCEDURE - Não é possível comprar ingressos para eventos passados';
END IF;

    INSERT INTO compra (data_compra, fk_id_usuario)
    VALUES (NOW(), p_id_usuario);
    SET v_id_compra = LAST_INSERT_ID();
    INSERT INTO ingresso_compra (fk_id_ingresso, fk_id_compra, quantidade)
    VALUES (p_id_ingresso, v_id_compra, p_quantidade);
END ;;
DELIMITER ;
/*!50003 SET sql_mode              = @saved_sql_mode */ ;
/*!50003 SET character_set_client  = @saved_cs_client */ ;
/*!50003 SET character_set_results = @saved_cs_results */ ;
/*!50003 SET collation_connection  = @saved_col_connection */ ;
/*!50003 DROP PROCEDURE IF EXISTS `registrar_presenca` */;
/*!50003 SET @saved_cs_client      = @@character_set_client */ ;
/*!50003 SET @saved_cs_results     = @@character_set_results */ ;
/*!50003 SET @saved_col_connection = @@collation_connection */ ;
/*!50003 SET character_set_client  = utf8mb4 */ ;
/*!50003 SET character_set_results = utf8mb4 */ ;
/*!50003 SET collation_connection  = utf8mb4_0900_ai_ci */ ;
/*!50003 SET @saved_sql_mode       = @@sql_mode */ ;
/*!50003 SET sql_mode              = 'ONLY_FULL_GROUP_BY,STRICT_TRANS_TABLES,NO_ZERO_IN_DATE,NO_ZERO_DATE,ERROR_FOR_DIVISION_BY_ZERO,NO_ENGINE_SUBSTITUTION' */ ;
DELIMITER ;;
CREATE DEFINER=`alunods`@`%` PROCEDURE `registrar_presenca`(
    IN p_id_compra INT,
    IN p_id_evento INT
)
BEGIN
    INSERT INTO presenca (data_hora_checkin, fk_id_evento, fk_id_compra)
    VALUES (NOW(), p_id_evento, p_id_compra);
END ;;
DELIMITER ;
/*!50003 SET sql_mode              = @saved_sql_mode */ ;
/*!50003 SET character_set_client  = @saved_cs_client */ ;
/*!50003 SET character_set_results = @saved_cs_results */ ;
/*!50003 SET collation_connection  = @saved_col_connection */ ;
/*!50003 DROP PROCEDURE IF EXISTS `resumo_usuario` */;
/*!50003 SET @saved_cs_client      = @@character_set_client */ ;
/*!50003 SET @saved_cs_results     = @@character_set_results */ ;
/*!50003 SET @saved_col_connection = @@collation_connection */ ;
/*!50003 SET character_set_client  = utf8mb4 */ ;
/*!50003 SET character_set_results = utf8mb4 */ ;
/*!50003 SET collation_connection  = utf8mb4_0900_ai_ci */ ;
/*!50003 SET @saved_sql_mode       = @@sql_mode */ ;
/*!50003 SET sql_mode              = 'ONLY_FULL_GROUP_BY,STRICT_TRANS_TABLES,NO_ZERO_IN_DATE,NO_ZERO_DATE,ERROR_FOR_DIVISION_BY_ZERO,NO_ENGINE_SUBSTITUTION' */ ;
DELIMITER ;;
CREATE DEFINER=`alunods`@`%` PROCEDURE `resumo_usuario`(IN pid INT)
BEGIN
    DECLARE nome VARCHAR(100);
    DECLARE email VARCHAR(100);
    DECLARE total_reais DECIMAL(10,2);
    DECLARE faixa VARCHAR(20);

    -- Busca o nome e o email do usuário

    SELECT u.name, u.email INTO nome, email
    FROM usuario u
    WHERE u.id_usuario = pid;

    -- Chama as funções para calcular a idade e o total gasto

    SET faixa = faixa_etaria((SELECT data_nascimento FROM usuario WHERE id_usuario = pid));
    SET total_reais = calcula_total_gasto(pid);

    -- Mostra 

    SELECT nome AS nome_usuario,
    email AS email_usuario,
    faixa AS faixa_etaria,
    total_reais AS total_gasto
    FROM DUAL; -- Retorna os dados em uma tabela temporária

END ;;
DELIMITER ;
/*!50003 SET sql_mode              = @saved_sql_mode */ ;
/*!50003 SET character_set_client  = @saved_cs_client */ ;
/*!50003 SET character_set_results = @saved_cs_results */ ;
/*!50003 SET collation_connection  = @saved_col_connection */ ;
/*!50003 DROP PROCEDURE IF EXISTS `total_ingressos_usuario` */;
/*!50003 SET @saved_cs_client      = @@character_set_client */ ;
/*!50003 SET @saved_cs_results     = @@character_set_results */ ;
/*!50003 SET @saved_col_connection = @@collation_connection */ ;
/*!50003 SET character_set_client  = utf8mb4 */ ;
/*!50003 SET character_set_results = utf8mb4 */ ;
/*!50003 SET collation_connection  = utf8mb4_0900_ai_ci */ ;
/*!50003 SET @saved_sql_mode       = @@sql_mode */ ;
/*!50003 SET sql_mode              = 'ONLY_FULL_GROUP_BY,STRICT_TRANS_TABLES,NO_ZERO_IN_DATE,NO_ZERO_DATE,ERROR_FOR_DIVISION_BY_ZERO,NO_ENGINE_SUBSTITUTION' */ ;
DELIMITER ;;
CREATE DEFINER=`alunods`@`%` PROCEDURE `total_ingressos_usuario`(
    IN p_id_usuario INT,
    OUT p_total_ingressos INT
)
BEGIN
    SET p_total_ingressos = 0;
    SELECT COALESCE(SUM(quantidade), 0) INTO p_total_ingressos
    FROM ingresso_compra ic
    JOIN compra c ON ic.fk_id_compra = c.id_compra
    WHERE c.fk_id_usuario = p_id_usuario;
END ;;
DELIMITER ;
/*!50003 SET sql_mode              = @saved_sql_mode */ ;
/*!50003 SET character_set_client  = @saved_cs_client */ ;
/*!50003 SET character_set_results = @saved_cs_results */ ;
/*!50003 SET collation_connection  = @saved_col_connection */ ;
/*!40103 SET TIME_ZONE=@OLD_TIME_ZONE */;

/*!40101 SET SQL_MODE=@OLD_SQL_MODE */;
/*!40014 SET FOREIGN_KEY_CHECKS=@OLD_FOREIGN_KEY_CHECKS */;
/*!40014 SET UNIQUE_CHECKS=@OLD_UNIQUE_CHECKS */;
/*!40101 SET CHARACTER_SET_CLIENT=@OLD_CHARACTER_SET_CLIENT */;
/*!40101 SET CHARACTER_SET_RESULTS=@OLD_CHARACTER_SET_RESULTS */;
/*!40101 SET COLLATION_CONNECTION=@OLD_COLLATION_CONNECTION */;
/*!40111 SET SQL_NOTES=@OLD_SQL_NOTES */;

-- Dump completed on 2025-05-12 14:16:07
